{"cameraMode":{"drawMode":0,"name":"Shaded","section":"Shading Mode"},"sceneLighting":true,"audioPlay":false,"sceneViewState":{"m_AlwaysRefresh":false,"showFog":true,"showSkybox":true,"showFlares":true,"showImageEffects":true,"showParticleSystems":true,"showVisualEffectGraphs":true,"m_FxEnabled":false},"in2DMode":false,"pivot":{"x":0.43978989124298098,"y":2.3810524940490724,"z":-6.203278541564941},"rotation":{"x":-0.07582210004329682,"y":0.008381819352507592,"z":-0.0006234460743144155,"w":-0.9970537424087524},"size":0.8171679377555847,"orthographic":false}